filepath,label
data/train/a/412.png,a
data/train/a/374.png,a
data/train/a/88.jpg,a
data/train/a/162.png,a
data/train/a/286.bmp,a
data/train/a/348.jpg,a
data/train/a/228.jpg,a
data/train/a/200.jpg,a
data/train/a/214.png,a
data/train/a/32.bmp,a
data/train/a/201.png,a
data/train/a/229.png,a
data/train/a/132.bmp,a
data/train/a/495.bmp,a
data/train/a/330.bmp,a
data/train/a/62.png,a
data/train/a/293.bmp,a
data/train/a/188.png,a
data/train/a/177.png,a
data/train/a/163.jpg,a
data/train/a/361.png,a
data/train/a/407.png,a
data/train/a/375.png,a
data/train/a/349.png,a
data/train/a/74.jpg,a
data/train/a/48.jpg,a
data/train/a/411.png,a
data/train/a/252.bmp,a
data/train/a/149.png,a
data/train/a/161.png,a
data/train/a/175.png,a
data/train/a/291.bmp,a
data/train/a/377.jpg,a
data/train/a/405.jpg,a
data/train/a/363.jpg,a
data/train/a/332.bmp,a
data/train/a/483.bmp,a
data/train/a/203.jpg,a
data/train/a/25.bmp,a
data/train/a/24.bmp,a
data/train/a/216.png,a
data/train/a/131.bmp,a
data/train/a/496.bmp,a
data/train/a/333.bmp,a
data/train/a/455.bmp,a
data/train/a/404.jpg,a
data/train/a/438.jpg,a
data/train/a/174.png,a
data/train/a/160.png,a
data/train/a/247.bmp,a
data/train/a/389.png,a
data/train/a/148.jpg,a
data/train/a/376.png,a
data/train/a/75.jpg,a
data/train/a/414.png,a
data/train/a/372.png,a
data/train/a/158.jpg,a
data/train/a/399.jpg,a
data/train/a/59.png,a
data/train/a/366.jpg,a
data/train/a/400.jpg,a
data/train/a/294.bmp,a
data/train/a/479.bmp,a
data/train/a/451.bmp,a
data/train/a/337.bmp,a
data/train/a/135.bmp,a
data/train/a/134.bmp,a
data/train/a/213.png,a
data/train/a/487.bmp,a
data/train/a/322.bmp,a
data/train/a/336.bmp,a
data/train/a/478.bmp,a
data/train/a/58.png,a
data/train/a/415.jpg,a
data/train/a/373.jpg,a
data/train/a/242.bmp,a
data/train/a/159.jpg,a
data/train/a/165.jpg,a
data/train/a/429.png,a
data/train/a/70.jpg,a
data/train/a/367.png,a
data/train/a/401.png,a
data/train/a/365.png,a
data/train/a/198.jpg,a
data/train/a/167.png,a
data/train/a/254.bmp,a
data/train/a/8.png,a
data/train/a/371.jpg,a
data/train/a/72.png,a
data/train/a/359.jpg,a
data/train/a/283.bmp,a
data/train/a/308.bmp,a
data/train/a/452.bmp,a
data/train/a/205.jpg,a
data/train/a/491.bmp,a
data/train/a/211.png,a
data/train/a/239.png,a
data/train/a/136.bmp,a
data/train/a/37.bmp,a
data/train/a/22.bmp,a
data/train/a/137.bmp,a
data/train/a/490.bmp,a
data/train/a/484.bmp,a
data/train/a/335.bmp,a
data/train/a/447.bmp,a
data/train/a/321.bmp,a
data/train/a/73.png,a
data/train/a/364.jpg,a
data/train/a/98.png,a
data/train/a/166.jpg,a
data/train/a/358.png,a
data/train/a/199.jpg,a
data/train/a/67.jpg,a
data/train/a/402.png,a
data/train/a/9.jpg,a
data/train/a/416.png,a
data/train/a/14.jpg,a
data/train/a/459.png,a
data/train/a/28.jpg,a
data/train/a/303.png,a
data/train/a/115.jpg,a
data/train/a/129.png,a
data/train/a/317.jpg,a
data/train/a/471.jpg,a
data/train/a/346.bmp,a
data/train/a/144.bmp,a
data/train/a/150.bmp,a
data/train/a/92.bmp,a
data/train/a/187.bmp,a
data/train/a/45.bmp,a
data/train/a/3.bmp,a
data/train/a/50.bmp,a
data/train/a/2.bmp,a
data/train/a/289.png,a
data/train/a/276.png,a
data/train/a/179.bmp,a
data/train/a/262.png,a
data/train/a/353.bmp,a
data/train/a/347.bmp,a
data/train/a/316.jpg,a
data/train/a/29.png,a
data/train/a/458.jpg,a
data/train/a/100.png,a
data/train/a/128.jpg,a
data/train/a/464.png,a
data/train/a/302.png,a
data/train/a/17.jpg,a
data/train/a/328.png,a
data/train/a/466.png,a
data/train/a/314.png,a
data/train/a/116.jpg,a
data/train/a/102.jpg,a
data/train/a/231.bmp,a
data/train/a/300.jpg,a
data/train/a/345.bmp,a
data/train/a/260.jpg,a
data/train/a/274.jpg,a
data/train/a/248.png,a
data/train/a/153.bmp,a
data/train/a/190.bmp,a
data/train/a/184.bmp,a
data/train/a/46.bmp,a
data/train/a/1.bmp,a
data/train/a/261.png,a
data/train/a/275.png,a
data/train/a/146.bmp,a
data/train/a/249.png,a
data/train/a/387.bmp,a
data/train/a/378.bmp,a
data/train/a/422.bmp,a
data/train/a/436.bmp,a
data/train/a/467.jpg,a
data/train/a/473.jpg,a
data/train/a/218.bmp,a
data/train/a/230.bmp,a
data/train/a/103.jpg,a
data/train/a/498.png,a
data/train/a/315.png,a
data/train/a/305.png,a
data/train/a/113.jpg,a
data/train/a/107.jpg,a
data/train/a/220.bmp,a
data/train/a/488.jpg,a
data/train/a/477.jpg,a
data/train/a/339.jpg,a
data/train/a/271.jpg,a
data/train/a/94.bmp,a
data/train/a/265.png,a
data/train/a/156.bmp,a
data/train/a/180.bmp,a
data/train/a/42.bmp,a
data/train/a/56.bmp,a
data/train/a/4.bmp,a
data/train/a/157.bmp,a
data/train/a/264.png,a
data/train/a/258.jpg,a
data/train/a/427.bmp,a
data/train/a/355.bmp,a
data/train/a/433.bmp,a
data/train/a/13.png,a
data/train/a/462.jpg,a
data/train/a/304.jpg,a
data/train/a/310.jpg,a
data/train/a/112.png,a
data/train/a/489.png,a
data/train/a/106.jpg,a
data/train/a/474.png,a
data/train/a/306.png,a
data/train/a/110.jpg,a
data/train/a/104.png,a
data/train/a/138.png,a
data/train/a/39.png,a
data/train/a/11.png,a
data/train/a/448.jpg,a
data/train/a/431.bmp,a
data/train/a/83.bmp,a
data/train/a/169.bmp,a
data/train/a/272.png,a
data/train/a/97.bmp,a
data/train/a/40.bmp,a
data/train/a/54.bmp,a
data/train/a/182.bmp,a
data/train/a/196.bmp,a
data/train/a/69.bmp,a
data/train/a/41.bmp,a
data/train/a/96.bmp,a
data/train/a/273.jpg,a
data/train/a/356.bmp,a
data/train/a/424.bmp,a
data/train/a/222.bmp,a
data/train/a/236.bmp,a
data/train/a/105.png,a
data/train/a/111.png,a
data/train/a/139.jpg,a
data/train/a/10.jpg,a
data/train/a/461.png,a
data/train/a/475.png,a
data/train/a/21.jpg,a
data/train/a/108.jpg,a
data/train/a/207.bmp,a
data/train/a/120.png,a
data/train/a/493.jpg,a
data/train/a/35.png,a
data/train/a/444.jpg,a
data/train/a/450.jpg,a
data/train/a/295.jpg,a
data/train/a/281.jpg,a
data/train/a/256.jpg,a
data/train/a/398.bmp,a
data/train/a/171.bmp,a
data/train/a/64.bmp,a
data/train/a/71.bmp,a
data/train/a/280.png,a
data/train/a/65.bmp,a
data/train/a/243.png,a
data/train/a/170.bmp,a
data/train/a/164.bmp,a
data/train/a/257.jpg,a
data/train/a/428.bmp,a
data/train/a/445.jpg,a
data/train/a/323.jpg,a
data/train/a/492.jpg,a
data/train/a/206.bmp,a
data/train/a/212.bmp,a
data/train/a/486.png,a
data/train/a/121.jpg,a
data/train/a/109.jpg,a
data/train/a/34.jpg,a
data/train/a/20.jpg,a
data/train/a/36.jpg,a
data/train/a/309.png,a
data/train/a/123.jpg,a
data/train/a/204.bmp,a
data/train/a/210.bmp,a
data/train/a/238.bmp,a
data/train/a/453.jpg,a
data/train/a/370.bmp,a
data/train/a/269.jpg,a
data/train/a/241.jpg,a
data/train/a/255.jpg,a
data/train/a/172.bmp,a
data/train/a/296.png,a
data/train/a/282.png,a
data/train/a/66.bmp,a
data/train/a/297.png,a
data/train/a/240.png,a
data/train/a/99.bmp,a
data/train/a/173.bmp,a
data/train/a/268.jpg,a
data/train/a/403.bmp,a
data/train/a/417.bmp,a
data/train/a/122.png,a
data/train/a/485.png,a
data/train/a/334.png,a
data/train/a/320.png,a
data/train/a/446.png,a
data/train/a/23.jpg,a
data/train/a/324.png,a
data/train/a/33.jpg,a
data/train/a/318.png,a
data/train/a/27.jpg,a
data/train/a/126.jpg,a
data/train/a/481.jpg,a
data/train/a/215.bmp,a
data/train/a/456.jpg,a
data/train/a/442.jpg,a
data/train/a/413.bmp,a
data/train/a/244.jpg,a
data/train/a/250.jpg,a
data/train/a/278.jpg,a
data/train/a/89.bmp,a
data/train/a/76.bmp,a
data/train/a/287.png,a
data/train/a/63.bmp,a
data/train/a/77.bmp,a
data/train/a/292.png,a
data/train/a/189.bmp,a
data/train/a/279.png,a
data/train/a/176.bmp,a
data/train/a/245.png,a
data/train/a/251.png,a
data/train/a/406.bmp,a
data/train/a/360.bmp,a
data/train/a/319.jpg,a
data/train/a/325.jpg,a
data/train/a/331.jpg,a
data/train/a/457.jpg,a
data/train/a/480.jpg,a
data/train/a/133.png,a
data/train/a/127.png,a
data/train/a/494.png,a
data/train/a/26.jpg,a
data/train/a/443.png,a
data/train/a/441.png,a
data/train/a/469.png,a
data/train/a/125.jpg,a
data/train/a/482.png,a
data/train/a/119.jpg,a
data/train/a/202.bmp,a
data/train/a/327.jpg,a
data/train/a/18.png,a
data/train/a/30.png,a
data/train/a/290.jpg,a
data/train/a/362.bmp,a
data/train/a/410.bmp,a
data/train/a/253.png,a
data/train/a/61.bmp,a
data/train/a/284.png,a
data/train/a/49.bmp,a
data/train/a/60.bmp,a
data/train/a/388.bmp,a
data/train/a/246.jpg,a
data/train/a/285.jpg,a
data/train/a/439.bmp,a
data/train/a/454.jpg,a
data/train/a/440.jpg,a
data/train/a/118.png,a
data/train/a/217.bmp,a
data/train/a/497.jpg,a
data/train/a/130.jpg,a
data/train/a/124.jpg,a
data/train/a/31.jpg,a
data/train/a/468.png,a
data/train/a/326.png,a
data/train/a/19.jpg,a
data/train/a/369.png,a
data/train/a/194.jpg,a
data/train/a/81.jpg,a
data/train/a/95.jpg,a
data/train/a/382.png,a
data/train/a/270.bmp,a
data/train/a/143.png,a
data/train/a/396.jpg,a
data/train/a/341.jpg,a
data/train/a/476.bmp,a
data/train/a/338.bmp,a
data/train/a/209.png,a
data/train/a/221.png,a
data/train/a/235.png,a
data/train/a/12.bmp,a
data/train/a/208.png,a
data/train/a/234.jpg,a
data/train/a/311.bmp,a
data/train/a/463.bmp,a
data/train/a/181.png,a
data/train/a/354.jpg,a
data/train/a/426.jpg,a
data/train/a/43.png,a
data/train/a/368.jpg,a
data/train/a/57.png,a
data/train/a/259.bmp,a
data/train/a/383.png,a
data/train/a/397.png,a
data/train/a/142.jpg,a
data/train/a/80.jpg,a
data/train/a/340.png,a
data/train/a/195.jpg,a
data/train/a/432.png,a
data/train/a/5.jpg,a
data/train/a/418.png,a
data/train/a/342.png,a
data/train/a/183.jpg,a
data/train/a/430.png,a
data/train/a/381.png,a
data/train/a/154.jpg,a
data/train/a/267.bmp,a
data/train/a/82.png,a
data/train/a/168.png,a
data/train/a/140.png,a
data/train/a/395.jpg,a
data/train/a/55.png,a
data/train/a/7.png,a
data/train/a/298.bmp,a
data/train/a/197.png,a
data/train/a/313.bmp,a
data/train/a/307.bmp,a
data/train/a/449.bmp,a
data/train/a/38.bmp,a
data/train/a/237.png,a
data/train/a/223.jpg,a
data/train/a/460.bmp,a
data/train/a/312.bmp,a
data/train/a/68.png,a
data/train/a/357.jpg,a
data/train/a/299.bmp,a
data/train/a/155.png,a
data/train/a/380.jpg,a
data/train/a/266.bmp,a
data/train/a/394.png,a
data/train/a/141.jpg,a
data/train/a/425.png,a
data/train/a/343.png,a
data/train/a/419.png,a
data/train/a/6.jpg,a
data/train/a/192.jpg,a
data/train/a/435.png,a
data/train/a/186.jpg,a
data/train/a/409.png,a
data/train/a/44.jpg,a
data/train/a/384.png,a
data/train/a/390.png,a
data/train/a/93.jpg,a
data/train/a/87.jpg,a
data/train/a/145.png,a
data/train/a/151.png,a
data/train/a/78.png,a
data/train/a/421.jpg,a
data/train/a/470.bmp,a
data/train/a/227.jpg,a
data/train/a/233.png,a
data/train/a/114.bmp,a
data/train/a/15.bmp,a
data/train/a/101.bmp,a
data/train/a/232.jpg,a
data/train/a/226.jpg,a
data/train/a/465.bmp,a
data/train/a/288.bmp,a
data/train/a/193.png,a
data/train/a/420.jpg,a
data/train/a/434.jpg,a
data/train/a/79.png,a
data/train/a/352.jpg,a
data/train/a/277.bmp,a
data/train/a/86.png,a
data/train/a/178.png,a
data/train/a/263.bmp,a
data/train/a/391.png,a
data/train/a/385.png,a
data/train/a/408.png,a
data/train/a/51.jpg,a
data/train/a/344.png,a
data/train/a/393.png,a
data/train/a/152.png,a
data/train/a/90.png,a
data/train/a/84.png,a
data/train/a/191.png,a
data/train/a/350.jpg,a
data/train/a/185.png,a
data/train/a/53.png,a
data/train/a/47.png,a
data/train/a/329.bmp,a
data/train/a/301.bmp,a
data/train/a/224.png,a
data/train/a/117.bmp,a
data/train/a/16.bmp,a
data/train/a/219.jpg,a
data/train/a/225.jpg,a
data/train/a/499.bmp,a
data/train/a/472.bmp,a
data/train/a/52.png,a
data/train/a/379.jpg,a
data/train/a/423.jpg,a
data/train/a/85.png,a
data/train/a/392.jpg,a
data/train/a/91.jpg,a
data/train/a/386.png,a
data/train/a/147.jpg,a
data/train/a/0.jpg,a
data/train/a/351.png,a
data/train/a/437.png,a
data/train/b/412.png,b
data/train/b/374.png,b
data/train/b/88.jpg,b
data/train/b/162.png,b
data/train/b/286.bmp,b
data/train/b/348.jpg,b
data/train/b/228.jpg,b
data/train/b/200.jpg,b
data/train/b/214.png,b
data/train/b/32.bmp,b
data/train/b/201.png,b
data/train/b/229.png,b
data/train/b/132.bmp,b
data/train/b/495.bmp,b
data/train/b/330.bmp,b
data/train/b/62.png,b
data/train/b/293.bmp,b
data/train/b/188.png,b
data/train/b/177.png,b
data/train/b/163.jpg,b
data/train/b/361.png,b
data/train/b/407.png,b
data/train/b/375.png,b
data/train/b/349.png,b
data/train/b/74.jpg,b
data/train/b/48.jpg,b
data/train/b/411.png,b
data/train/b/252.bmp,b
data/train/b/149.png,b
data/train/b/161.png,b
data/train/b/175.png,b
data/train/b/291.bmp,b
data/train/b/377.jpg,b
data/train/b/405.jpg,b
data/train/b/363.jpg,b
data/train/b/332.bmp,b
data/train/b/483.bmp,b
data/train/b/203.jpg,b
data/train/b/25.bmp,b
data/train/b/24.bmp,b
data/train/b/216.png,b
data/train/b/131.bmp,b
data/train/b/496.bmp,b
data/train/b/333.bmp,b
data/train/b/455.bmp,b
data/train/b/404.jpg,b
data/train/b/438.jpg,b
data/train/b/174.png,b
data/train/b/160.png,b
data/train/b/247.bmp,b
data/train/b/389.png,b
data/train/b/148.jpg,b
data/train/b/376.png,b
data/train/b/75.jpg,b
data/train/b/414.png,b
data/train/b/372.png,b
data/train/b/158.jpg,b
data/train/b/399.jpg,b
data/train/b/59.png,b
data/train/b/366.jpg,b
data/train/b/400.jpg,b
data/train/b/294.bmp,b
data/train/b/479.bmp,b
data/train/b/451.bmp,b
data/train/b/337.bmp,b
data/train/b/135.bmp,b
data/train/b/134.bmp,b
data/train/b/213.png,b
data/train/b/487.bmp,b
data/train/b/322.bmp,b
data/train/b/336.bmp,b
data/train/b/478.bmp,b
data/train/b/58.png,b
data/train/b/415.jpg,b
data/train/b/373.jpg,b
data/train/b/242.bmp,b
data/train/b/159.jpg,b
data/train/b/165.jpg,b
data/train/b/429.png,b
data/train/b/70.jpg,b
data/train/b/367.png,b
data/train/b/401.png,b
data/train/b/365.png,b
data/train/b/198.jpg,b
data/train/b/167.png,b
data/train/b/254.bmp,b
data/train/b/8.png,b
data/train/b/371.jpg,b
data/train/b/72.png,b
data/train/b/359.jpg,b
data/train/b/283.bmp,b
data/train/b/308.bmp,b
data/train/b/452.bmp,b
data/train/b/205.jpg,b
data/train/b/491.bmp,b
data/train/b/211.png,b
data/train/b/239.png,b
data/train/b/136.bmp,b
data/train/b/37.bmp,b
data/train/b/22.bmp,b
data/train/b/137.bmp,b
data/train/b/490.bmp,b
data/train/b/484.bmp,b
data/train/b/335.bmp,b
data/train/b/447.bmp,b
data/train/b/321.bmp,b
data/train/b/73.png,b
data/train/b/364.jpg,b
data/train/b/98.png,b
data/train/b/166.jpg,b
data/train/b/358.png,b
data/train/b/199.jpg,b
data/train/b/67.jpg,b
data/train/b/402.png,b
data/train/b/9.jpg,b
data/train/b/416.png,b
data/train/b/14.jpg,b
data/train/b/459.png,b
data/train/b/28.jpg,b
data/train/b/303.png,b
data/train/b/115.jpg,b
data/train/b/129.png,b
data/train/b/317.jpg,b
data/train/b/471.jpg,b
data/train/b/346.bmp,b
data/train/b/144.bmp,b
data/train/b/150.bmp,b
data/train/b/92.bmp,b
data/train/b/187.bmp,b
data/train/b/45.bmp,b
data/train/b/3.bmp,b
data/train/b/50.bmp,b
data/train/b/2.bmp,b
data/train/b/289.png,b
data/train/b/276.png,b
data/train/b/179.bmp,b
data/train/b/262.png,b
data/train/b/353.bmp,b
data/train/b/347.bmp,b
data/train/b/316.jpg,b
data/train/b/29.png,b
data/train/b/458.jpg,b
data/train/b/100.png,b
data/train/b/128.jpg,b
data/train/b/464.png,b
data/train/b/302.png,b
data/train/b/17.jpg,b
data/train/b/328.png,b
data/train/b/466.png,b
data/train/b/314.png,b
data/train/b/116.jpg,b
data/train/b/102.jpg,b
data/train/b/231.bmp,b
data/train/b/300.jpg,b
data/train/b/345.bmp,b
data/train/b/260.jpg,b
data/train/b/274.jpg,b
data/train/b/248.png,b
data/train/b/153.bmp,b
data/train/b/190.bmp,b
data/train/b/184.bmp,b
data/train/b/46.bmp,b
data/train/b/1.bmp,b
data/train/b/261.png,b
data/train/b/275.png,b
data/train/b/146.bmp,b
data/train/b/249.png,b
data/train/b/387.bmp,b
data/train/b/378.bmp,b
data/train/b/422.bmp,b
data/train/b/436.bmp,b
data/train/b/467.jpg,b
data/train/b/473.jpg,b
data/train/b/218.bmp,b
data/train/b/230.bmp,b
data/train/b/103.jpg,b
data/train/b/498.png,b
data/train/b/315.png,b
data/train/b/305.png,b
data/train/b/113.jpg,b
data/train/b/107.jpg,b
data/train/b/220.bmp,b
data/train/b/488.jpg,b
data/train/b/477.jpg,b
data/train/b/339.jpg,b
data/train/b/271.jpg,b
data/train/b/94.bmp,b
data/train/b/265.png,b
data/train/b/156.bmp,b
data/train/b/180.bmp,b
data/train/b/42.bmp,b
data/train/b/56.bmp,b
data/train/b/4.bmp,b
data/train/b/157.bmp,b
data/train/b/264.png,b
data/train/b/258.jpg,b
data/train/b/427.bmp,b
data/train/b/355.bmp,b
data/train/b/433.bmp,b
data/train/b/13.png,b
data/train/b/462.jpg,b
data/train/b/304.jpg,b
data/train/b/310.jpg,b
data/train/b/112.png,b
data/train/b/489.png,b
data/train/b/106.jpg,b
data/train/b/474.png,b
data/train/b/306.png,b
data/train/b/110.jpg,b
data/train/b/104.png,b
data/train/b/138.png,b
data/train/b/39.png,b
data/train/b/11.png,b
data/train/b/448.jpg,b
data/train/b/431.bmp,b
data/train/b/83.bmp,b
data/train/b/169.bmp,b
data/train/b/272.png,b
data/train/b/97.bmp,b
data/train/b/40.bmp,b
data/train/b/54.bmp,b
data/train/b/182.bmp,b
data/train/b/196.bmp,b
data/train/b/69.bmp,b
data/train/b/41.bmp,b
data/train/b/96.bmp,b
data/train/b/273.jpg,b
data/train/b/356.bmp,b
data/train/b/424.bmp,b
data/train/b/222.bmp,b
data/train/b/236.bmp,b
data/train/b/105.png,b
data/train/b/111.png,b
data/train/b/139.jpg,b
data/train/b/10.jpg,b
data/train/b/461.png,b
data/train/b/475.png,b
data/train/b/21.jpg,b
data/train/b/108.jpg,b
data/train/b/207.bmp,b
data/train/b/120.png,b
data/train/b/493.jpg,b
data/train/b/35.png,b
data/train/b/444.jpg,b
data/train/b/450.jpg,b
data/train/b/295.jpg,b
data/train/b/281.jpg,b
data/train/b/256.jpg,b
data/train/b/398.bmp,b
data/train/b/171.bmp,b
data/train/b/64.bmp,b
data/train/b/71.bmp,b
data/train/b/280.png,b
data/train/b/65.bmp,b
data/train/b/243.png,b
data/train/b/170.bmp,b
data/train/b/164.bmp,b
data/train/b/257.jpg,b
data/train/b/428.bmp,b
data/train/b/445.jpg,b
data/train/b/323.jpg,b
data/train/b/492.jpg,b
data/train/b/206.bmp,b
data/train/b/212.bmp,b
data/train/b/486.png,b
data/train/b/121.jpg,b
data/train/b/109.jpg,b
data/train/b/34.jpg,b
data/train/b/20.jpg,b
data/train/b/36.jpg,b
data/train/b/309.png,b
data/train/b/123.jpg,b
data/train/b/204.bmp,b
data/train/b/210.bmp,b
data/train/b/238.bmp,b
data/train/b/453.jpg,b
data/train/b/370.bmp,b
data/train/b/269.jpg,b
data/train/b/241.jpg,b
data/train/b/255.jpg,b
data/train/b/172.bmp,b
data/train/b/296.png,b
data/train/b/282.png,b
data/train/b/66.bmp,b
data/train/b/297.png,b
data/train/b/240.png,b
data/train/b/99.bmp,b
data/train/b/173.bmp,b
data/train/b/268.jpg,b
data/train/b/403.bmp,b
data/train/b/417.bmp,b
data/train/b/122.png,b
data/train/b/485.png,b
data/train/b/334.png,b
data/train/b/320.png,b
data/train/b/446.png,b
data/train/b/23.jpg,b
data/train/b/324.png,b
data/train/b/33.jpg,b
data/train/b/318.png,b
data/train/b/27.jpg,b
data/train/b/126.jpg,b
data/train/b/481.jpg,b
data/train/b/215.bmp,b
data/train/b/456.jpg,b
data/train/b/442.jpg,b
data/train/b/413.bmp,b
data/train/b/244.jpg,b
data/train/b/250.jpg,b
data/train/b/278.jpg,b
data/train/b/89.bmp,b
data/train/b/76.bmp,b
data/train/b/287.png,b
data/train/b/63.bmp,b
data/train/b/77.bmp,b
data/train/b/292.png,b
data/train/b/189.bmp,b
data/train/b/279.png,b
data/train/b/176.bmp,b
data/train/b/245.png,b
data/train/b/251.png,b
data/train/b/406.bmp,b
data/train/b/360.bmp,b
data/train/b/319.jpg,b
data/train/b/325.jpg,b
data/train/b/331.jpg,b
data/train/b/457.jpg,b
data/train/b/480.jpg,b
data/train/b/133.png,b
data/train/b/127.png,b
data/train/b/494.png,b
data/train/b/26.jpg,b
data/train/b/443.png,b
data/train/b/441.png,b
data/train/b/469.png,b
data/train/b/125.jpg,b
data/train/b/482.png,b
data/train/b/119.jpg,b
data/train/b/202.bmp,b
data/train/b/327.jpg,b
data/train/b/18.png,b
data/train/b/30.png,b
data/train/b/290.jpg,b
data/train/b/362.bmp,b
data/train/b/410.bmp,b
data/train/b/253.png,b
data/train/b/61.bmp,b
data/train/b/284.png,b
data/train/b/49.bmp,b
data/train/b/60.bmp,b
data/train/b/388.bmp,b
data/train/b/246.jpg,b
data/train/b/285.jpg,b
data/train/b/439.bmp,b
data/train/b/454.jpg,b
data/train/b/440.jpg,b
data/train/b/118.png,b
data/train/b/217.bmp,b
data/train/b/497.jpg,b
data/train/b/130.jpg,b
data/train/b/124.jpg,b
data/train/b/31.jpg,b
data/train/b/468.png,b
data/train/b/326.png,b
data/train/b/19.jpg,b
data/train/b/369.png,b
data/train/b/194.jpg,b
data/train/b/81.jpg,b
data/train/b/95.jpg,b
data/train/b/382.png,b
data/train/b/270.bmp,b
data/train/b/143.png,b
data/train/b/396.jpg,b
data/train/b/341.jpg,b
data/train/b/476.bmp,b
data/train/b/338.bmp,b
data/train/b/209.png,b
data/train/b/221.png,b
data/train/b/235.png,b
data/train/b/12.bmp,b
data/train/b/208.png,b
data/train/b/234.jpg,b
data/train/b/311.bmp,b
data/train/b/463.bmp,b
data/train/b/181.png,b
data/train/b/354.jpg,b
data/train/b/426.jpg,b
data/train/b/43.png,b
data/train/b/368.jpg,b
data/train/b/57.png,b
data/train/b/259.bmp,b
data/train/b/383.png,b
data/train/b/397.png,b
data/train/b/142.jpg,b
data/train/b/80.jpg,b
data/train/b/340.png,b
data/train/b/195.jpg,b
data/train/b/432.png,b
data/train/b/5.jpg,b
data/train/b/418.png,b
data/train/b/342.png,b
data/train/b/183.jpg,b
data/train/b/430.png,b
data/train/b/381.png,b
data/train/b/154.jpg,b
data/train/b/267.bmp,b
data/train/b/82.png,b
data/train/b/168.png,b
data/train/b/140.png,b
data/train/b/395.jpg,b
data/train/b/55.png,b
data/train/b/7.png,b
data/train/b/298.bmp,b
data/train/b/197.png,b
data/train/b/313.bmp,b
data/train/b/307.bmp,b
data/train/b/449.bmp,b
data/train/b/38.bmp,b
data/train/b/237.png,b
data/train/b/223.jpg,b
data/train/b/460.bmp,b
data/train/b/312.bmp,b
data/train/b/68.png,b
data/train/b/357.jpg,b
data/train/b/299.bmp,b
data/train/b/155.png,b
data/train/b/380.jpg,b
data/train/b/266.bmp,b
data/train/b/394.png,b
data/train/b/141.jpg,b
data/train/b/425.png,b
data/train/b/343.png,b
data/train/b/419.png,b
data/train/b/6.jpg,b
data/train/b/192.jpg,b
data/train/b/435.png,b
data/train/b/186.jpg,b
data/train/b/409.png,b
data/train/b/44.jpg,b
data/train/b/384.png,b
data/train/b/390.png,b
data/train/b/93.jpg,b
data/train/b/87.jpg,b
data/train/b/145.png,b
data/train/b/151.png,b
data/train/b/78.png,b
data/train/b/421.jpg,b
data/train/b/470.bmp,b
data/train/b/227.jpg,b
data/train/b/233.png,b
data/train/b/114.bmp,b
data/train/b/15.bmp,b
data/train/b/101.bmp,b
data/train/b/232.jpg,b
data/train/b/226.jpg,b
data/train/b/465.bmp,b
data/train/b/288.bmp,b
data/train/b/193.png,b
data/train/b/420.jpg,b
data/train/b/434.jpg,b
data/train/b/79.png,b
data/train/b/352.jpg,b
data/train/b/277.bmp,b
data/train/b/86.png,b
data/train/b/178.png,b
data/train/b/263.bmp,b
data/train/b/391.png,b
data/train/b/385.png,b
data/train/b/408.png,b
data/train/b/51.jpg,b
data/train/b/344.png,b
data/train/b/393.png,b
data/train/b/152.png,b
data/train/b/90.png,b
data/train/b/84.png,b
data/train/b/191.png,b
data/train/b/350.jpg,b
data/train/b/185.png,b
data/train/b/53.png,b
data/train/b/47.png,b
data/train/b/329.bmp,b
data/train/b/301.bmp,b
data/train/b/224.png,b
data/train/b/117.bmp,b
data/train/b/16.bmp,b
data/train/b/219.jpg,b
data/train/b/225.jpg,b
data/train/b/499.bmp,b
data/train/b/472.bmp,b
data/train/b/52.png,b
data/train/b/379.jpg,b
data/train/b/423.jpg,b
data/train/b/85.png,b
data/train/b/392.jpg,b
data/train/b/91.jpg,b
data/train/b/386.png,b
data/train/b/147.jpg,b
data/train/b/0.jpg,b
data/train/b/351.png,b
data/train/b/437.png,b
data/train/c/412.png,c
data/train/c/374.png,c
data/train/c/88.jpg,c
data/train/c/162.png,c
data/train/c/286.bmp,c
data/train/c/348.jpg,c
data/train/c/228.jpg,c
data/train/c/200.jpg,c
data/train/c/214.png,c
data/train/c/32.bmp,c
data/train/c/201.png,c
data/train/c/229.png,c
data/train/c/132.bmp,c
data/train/c/495.bmp,c
data/train/c/330.bmp,c
data/train/c/62.png,c
data/train/c/293.bmp,c
data/train/c/188.png,c
data/train/c/177.png,c
data/train/c/163.jpg,c
data/train/c/361.png,c
data/train/c/407.png,c
data/train/c/375.png,c
data/train/c/349.png,c
data/train/c/74.jpg,c
data/train/c/48.jpg,c
data/train/c/411.png,c
data/train/c/252.bmp,c
data/train/c/149.png,c
data/train/c/161.png,c
data/train/c/175.png,c
data/train/c/291.bmp,c
data/train/c/377.jpg,c
data/train/c/405.jpg,c
data/train/c/363.jpg,c
data/train/c/332.bmp,c
data/train/c/483.bmp,c
data/train/c/203.jpg,c
data/train/c/25.bmp,c
data/train/c/24.bmp,c
data/train/c/216.png,c
data/train/c/131.bmp,c
data/train/c/496.bmp,c
data/train/c/333.bmp,c
data/train/c/455.bmp,c
data/train/c/404.jpg,c
data/train/c/438.jpg,c
data/train/c/174.png,c
data/train/c/160.png,c
data/train/c/247.bmp,c
data/train/c/389.png,c
data/train/c/148.jpg,c
data/train/c/376.png,c
data/train/c/75.jpg,c
data/train/c/414.png,c
data/train/c/372.png,c
data/train/c/158.jpg,c
data/train/c/399.jpg,c
data/train/c/59.png,c
data/train/c/366.jpg,c
data/train/c/400.jpg,c
data/train/c/294.bmp,c
data/train/c/479.bmp,c
data/train/c/451.bmp,c
data/train/c/337.bmp,c
data/train/c/135.bmp,c
data/train/c/134.bmp,c
data/train/c/213.png,c
data/train/c/487.bmp,c
data/train/c/322.bmp,c
data/train/c/336.bmp,c
data/train/c/478.bmp,c
data/train/c/58.png,c
data/train/c/415.jpg,c
data/train/c/373.jpg,c
data/train/c/242.bmp,c
data/train/c/159.jpg,c
data/train/c/165.jpg,c
data/train/c/429.png,c
data/train/c/70.jpg,c
data/train/c/367.png,c
data/train/c/401.png,c
data/train/c/365.png,c
data/train/c/198.jpg,c
data/train/c/167.png,c
data/train/c/254.bmp,c
data/train/c/8.png,c
data/train/c/371.jpg,c
data/train/c/72.png,c
data/train/c/359.jpg,c
data/train/c/283.bmp,c
data/train/c/308.bmp,c
data/train/c/452.bmp,c
data/train/c/205.jpg,c
data/train/c/491.bmp,c
data/train/c/211.png,c
data/train/c/239.png,c
data/train/c/136.bmp,c
data/train/c/37.bmp,c
data/train/c/22.bmp,c
data/train/c/137.bmp,c
data/train/c/490.bmp,c
data/train/c/484.bmp,c
data/train/c/335.bmp,c
data/train/c/447.bmp,c
data/train/c/321.bmp,c
data/train/c/73.png,c
data/train/c/364.jpg,c
data/train/c/98.png,c
data/train/c/166.jpg,c
data/train/c/358.png,c
data/train/c/199.jpg,c
data/train/c/67.jpg,c
data/train/c/402.png,c
data/train/c/9.jpg,c
data/train/c/416.png,c
data/train/c/14.jpg,c
data/train/c/459.png,c
data/train/c/28.jpg,c
data/train/c/303.png,c
data/train/c/115.jpg,c
data/train/c/129.png,c
data/train/c/317.jpg,c
data/train/c/471.jpg,c
data/train/c/346.bmp,c
data/train/c/144.bmp,c
data/train/c/150.bmp,c
data/train/c/92.bmp,c
data/train/c/187.bmp,c
data/train/c/45.bmp,c
data/train/c/3.bmp,c
data/train/c/50.bmp,c
data/train/c/2.bmp,c
data/train/c/289.png,c
data/train/c/276.png,c
data/train/c/179.bmp,c
data/train/c/262.png,c
data/train/c/353.bmp,c
data/train/c/347.bmp,c
data/train/c/316.jpg,c
data/train/c/29.png,c
data/train/c/458.jpg,c
data/train/c/100.png,c
data/train/c/128.jpg,c
data/train/c/464.png,c
data/train/c/302.png,c
data/train/c/17.jpg,c
data/train/c/328.png,c
data/train/c/466.png,c
data/train/c/314.png,c
data/train/c/116.jpg,c
data/train/c/102.jpg,c
data/train/c/231.bmp,c
data/train/c/300.jpg,c
data/train/c/345.bmp,c
data/train/c/260.jpg,c
data/train/c/274.jpg,c
data/train/c/248.png,c
data/train/c/153.bmp,c
data/train/c/190.bmp,c
data/train/c/184.bmp,c
data/train/c/46.bmp,c
data/train/c/1.bmp,c
data/train/c/261.png,c
data/train/c/275.png,c
data/train/c/146.bmp,c
data/train/c/249.png,c
data/train/c/387.bmp,c
data/train/c/378.bmp,c
data/train/c/422.bmp,c
data/train/c/436.bmp,c
data/train/c/467.jpg,c
data/train/c/473.jpg,c
data/train/c/218.bmp,c
data/train/c/230.bmp,c
data/train/c/103.jpg,c
data/train/c/498.png,c
data/train/c/315.png,c
data/train/c/305.png,c
data/train/c/113.jpg,c
data/train/c/107.jpg,c
data/train/c/220.bmp,c
data/train/c/488.jpg,c
data/train/c/477.jpg,c
data/train/c/339.jpg,c
data/train/c/271.jpg,c
data/train/c/94.bmp,c
data/train/c/265.png,c
data/train/c/156.bmp,c
data/train/c/180.bmp,c
data/train/c/42.bmp,c
data/train/c/56.bmp,c
data/train/c/4.bmp,c
data/train/c/157.bmp,c
data/train/c/264.png,c
data/train/c/258.jpg,c
data/train/c/427.bmp,c
data/train/c/355.bmp,c
data/train/c/433.bmp,c
data/train/c/13.png,c
data/train/c/462.jpg,c
data/train/c/304.jpg,c
data/train/c/310.jpg,c
data/train/c/112.png,c
data/train/c/489.png,c
data/train/c/106.jpg,c
data/train/c/474.png,c
data/train/c/306.png,c
data/train/c/110.jpg,c
data/train/c/104.png,c
data/train/c/138.png,c
data/train/c/39.png,c
data/train/c/11.png,c
data/train/c/448.jpg,c
data/train/c/431.bmp,c
data/train/c/83.bmp,c
data/train/c/169.bmp,c
data/train/c/272.png,c
data/train/c/97.bmp,c
data/train/c/40.bmp,c
data/train/c/54.bmp,c
data/train/c/182.bmp,c
data/train/c/196.bmp,c
data/train/c/69.bmp,c
data/train/c/41.bmp,c
data/train/c/96.bmp,c
data/train/c/273.jpg,c
data/train/c/356.bmp,c
data/train/c/424.bmp,c
data/train/c/222.bmp,c
data/train/c/236.bmp,c
data/train/c/105.png,c
data/train/c/111.png,c
data/train/c/139.jpg,c
data/train/c/10.jpg,c
data/train/c/461.png,c
data/train/c/475.png,c
data/train/c/21.jpg,c
data/train/c/108.jpg,c
data/train/c/207.bmp,c
data/train/c/120.png,c
data/train/c/493.jpg,c
data/train/c/35.png,c
data/train/c/444.jpg,c
data/train/c/450.jpg,c
data/train/c/295.jpg,c
data/train/c/281.jpg,c
data/train/c/256.jpg,c
data/train/c/398.bmp,c
data/train/c/171.bmp,c
data/train/c/64.bmp,c
data/train/c/71.bmp,c
data/train/c/280.png,c
data/train/c/65.bmp,c
data/train/c/243.png,c
data/train/c/170.bmp,c
data/train/c/164.bmp,c
data/train/c/257.jpg,c
data/train/c/428.bmp,c
data/train/c/445.jpg,c
data/train/c/323.jpg,c
data/train/c/492.jpg,c
data/train/c/206.bmp,c
data/train/c/212.bmp,c
data/train/c/486.png,c
data/train/c/121.jpg,c
data/train/c/109.jpg,c
data/train/c/34.jpg,c
data/train/c/20.jpg,c
data/train/c/36.jpg,c
data/train/c/309.png,c
data/train/c/123.jpg,c
data/train/c/204.bmp,c
data/train/c/210.bmp,c
data/train/c/238.bmp,c
data/train/c/453.jpg,c
data/train/c/370.bmp,c
data/train/c/269.jpg,c
data/train/c/241.jpg,c
data/train/c/255.jpg,c
data/train/c/172.bmp,c
data/train/c/296.png,c
data/train/c/282.png,c
data/train/c/66.bmp,c
data/train/c/297.png,c
data/train/c/240.png,c
data/train/c/99.bmp,c
data/train/c/173.bmp,c
data/train/c/268.jpg,c
data/train/c/403.bmp,c
data/train/c/417.bmp,c
data/train/c/122.png,c
data/train/c/485.png,c
data/train/c/334.png,c
data/train/c/320.png,c
data/train/c/446.png,c
data/train/c/23.jpg,c
data/train/c/324.png,c
data/train/c/33.jpg,c
data/train/c/318.png,c
data/train/c/27.jpg,c
data/train/c/126.jpg,c
data/train/c/481.jpg,c
data/train/c/215.bmp,c
data/train/c/456.jpg,c
data/train/c/442.jpg,c
data/train/c/413.bmp,c
data/train/c/244.jpg,c
data/train/c/250.jpg,c
data/train/c/278.jpg,c
data/train/c/89.bmp,c
data/train/c/76.bmp,c
data/train/c/287.png,c
data/train/c/63.bmp,c
data/train/c/77.bmp,c
data/train/c/292.png,c
data/train/c/189.bmp,c
data/train/c/279.png,c
data/train/c/176.bmp,c
data/train/c/245.png,c
data/train/c/251.png,c
data/train/c/406.bmp,c
data/train/c/360.bmp,c
data/train/c/319.jpg,c
data/train/c/325.jpg,c
data/train/c/331.jpg,c
data/train/c/457.jpg,c
data/train/c/480.jpg,c
data/train/c/133.png,c
data/train/c/127.png,c
data/train/c/494.png,c
data/train/c/26.jpg,c
data/train/c/443.png,c
data/train/c/441.png,c
data/train/c/469.png,c
data/train/c/125.jpg,c
data/train/c/482.png,c
data/train/c/119.jpg,c
data/train/c/202.bmp,c
data/train/c/327.jpg,c
data/train/c/18.png,c
data/train/c/30.png,c
data/train/c/290.jpg,c
data/train/c/362.bmp,c
data/train/c/410.bmp,c
data/train/c/253.png,c
data/train/c/61.bmp,c
data/train/c/284.png,c
data/train/c/49.bmp,c
data/train/c/60.bmp,c
data/train/c/388.bmp,c
data/train/c/246.jpg,c
data/train/c/285.jpg,c
data/train/c/439.bmp,c
data/train/c/454.jpg,c
data/train/c/440.jpg,c
data/train/c/118.png,c
data/train/c/217.bmp,c
data/train/c/497.jpg,c
data/train/c/130.jpg,c
data/train/c/124.jpg,c
data/train/c/31.jpg,c
data/train/c/468.png,c
data/train/c/326.png,c
data/train/c/19.jpg,c
data/train/c/369.png,c
data/train/c/194.jpg,c
data/train/c/81.jpg,c
data/train/c/95.jpg,c
data/train/c/382.png,c
data/train/c/270.bmp,c
data/train/c/143.png,c
data/train/c/396.jpg,c
data/train/c/341.jpg,c
data/train/c/476.bmp,c
data/train/c/338.bmp,c
data/train/c/209.png,c
data/train/c/221.png,c
data/train/c/235.png,c
data/train/c/12.bmp,c
data/train/c/208.png,c
data/train/c/234.jpg,c
data/train/c/311.bmp,c
data/train/c/463.bmp,c
data/train/c/181.png,c
data/train/c/354.jpg,c
data/train/c/426.jpg,c
data/train/c/43.png,c
data/train/c/368.jpg,c
data/train/c/57.png,c
data/train/c/259.bmp,c
data/train/c/383.png,c
data/train/c/397.png,c
data/train/c/142.jpg,c
data/train/c/80.jpg,c
data/train/c/340.png,c
data/train/c/195.jpg,c
data/train/c/432.png,c
data/train/c/5.jpg,c
data/train/c/418.png,c
data/train/c/342.png,c
data/train/c/183.jpg,c
data/train/c/430.png,c
data/train/c/381.png,c
data/train/c/154.jpg,c
data/train/c/267.bmp,c
data/train/c/82.png,c
data/train/c/168.png,c
data/train/c/140.png,c
data/train/c/395.jpg,c
data/train/c/55.png,c
data/train/c/7.png,c
data/train/c/298.bmp,c
data/train/c/197.png,c
data/train/c/313.bmp,c
data/train/c/307.bmp,c
data/train/c/449.bmp,c
data/train/c/38.bmp,c
data/train/c/237.png,c
data/train/c/223.jpg,c
data/train/c/460.bmp,c
data/train/c/312.bmp,c
data/train/c/68.png,c
data/train/c/357.jpg,c
data/train/c/299.bmp,c
data/train/c/155.png,c
data/train/c/380.jpg,c
data/train/c/266.bmp,c
data/train/c/394.png,c
data/train/c/141.jpg,c
data/train/c/425.png,c
data/train/c/343.png,c
data/train/c/419.png,c
data/train/c/6.jpg,c
data/train/c/192.jpg,c
data/train/c/435.png,c
data/train/c/186.jpg,c
data/train/c/409.png,c
data/train/c/44.jpg,c
data/train/c/384.png,c
data/train/c/390.png,c
data/train/c/93.jpg,c
data/train/c/87.jpg,c
data/train/c/145.png,c
data/train/c/151.png,c
data/train/c/78.png,c
data/train/c/421.jpg,c
data/train/c/470.bmp,c
data/train/c/227.jpg,c
data/train/c/233.png,c
data/train/c/114.bmp,c
data/train/c/15.bmp,c
data/train/c/101.bmp,c
data/train/c/232.jpg,c
data/train/c/226.jpg,c
data/train/c/465.bmp,c
data/train/c/288.bmp,c
data/train/c/193.png,c
data/train/c/420.jpg,c
data/train/c/434.jpg,c
data/train/c/79.png,c
data/train/c/352.jpg,c
data/train/c/277.bmp,c
data/train/c/86.png,c
data/train/c/178.png,c
data/train/c/263.bmp,c
data/train/c/391.png,c
data/train/c/385.png,c
data/train/c/408.png,c
data/train/c/51.jpg,c
data/train/c/344.png,c
data/train/c/393.png,c
data/train/c/152.png,c
data/train/c/90.png,c
data/train/c/84.png,c
data/train/c/191.png,c
data/train/c/350.jpg,c
data/train/c/185.png,c
data/train/c/53.png,c
data/train/c/47.png,c
data/train/c/329.bmp,c
data/train/c/301.bmp,c
data/train/c/224.png,c
data/train/c/117.bmp,c
data/train/c/16.bmp,c
data/train/c/219.jpg,c
data/train/c/225.jpg,c
data/train/c/499.bmp,c
data/train/c/472.bmp,c
data/train/c/52.png,c
data/train/c/379.jpg,c
data/train/c/423.jpg,c
data/train/c/85.png,c
data/train/c/392.jpg,c
data/train/c/91.jpg,c
data/train/c/386.png,c
data/train/c/147.jpg,c
data/train/c/0.jpg,c
data/train/c/351.png,c
data/train/c/437.png,c
